{"cameraMode":{"drawMode":0,"name":"Shaded","section":"Shading Mode"},"sceneLighting":true,"audioPlay":false,"sceneViewState":{"showFog":true,"showMaterialUpdate":true,"showSkybox":true,"showFlares":true,"showImageEffects":true,"showParticleSystems":true},"in2DMode":false,"pivot":{"x":-0.6395853757858276,"y":0.26201045513153078,"z":-0.5392407178878784},"rotation":{"x":0.27168405055999758,"y":0.37590038776397707,"z":-0.116279736161232,"w":0.8782743811607361},"size":2.568390130996704,"orthographic":false}